1,,,,,,1,,+395283896902,luciaziani@alice.it,https://malpighi-lucchesi.net/
2,,,,,,2,,+391732347550,magnanieliana@virgilio.it,https://www.traversa-filippini.net/
3,,,,,,3,,+393887652366,adriana15@mercantini.com,https://www.lombardi.com/
4,,,,,,4,,+392280505852,nbroschi@lattuada-olivetti.it,https://marrone.org/
5,,,,,,5,,+391665966909,ccaruso@live.com,http://www.bettoni-conte.org/
6,,,,,,6,,+398097675359,massimilianoostinelli@libero.it,http://pignatti.com/
7,,,,,,7,,+394501531382,habba@outlook.com,http://www.marsili-gatto.it/
8,,,,,,8,,+391827819167,corrado11@finetti.com,http://notarbartolo.it/
9,,,,,,9,,+397130382321,flora03@vendetti.com,http://www.draghi.com/
10,,,,,,10,,+396676671509,borranilolita@zoppetto.it,http://zamengo-pedroni.eu/
11,,,,,1,,,+392129559325,sbarbaropiermaria@pagliaro.it,https://camuccini.it/
12,,,,,2,,,+399485106800,dsegre@alice.it,https://marzorati.it/
13,,,,,3,,,+393706458242,guaranaida@barillaro.com,http://cicilia-rastelli.org/
14,,,,,4,,,+391285485228,fnicolini@bocelli-letta.it,https://www.pacetti.it/
15,,,,,5,,,+391320734934,ugocatenazzi@gmail.com,https://www.piccinni.eu/
16,,,,,6,,,+395913780166,gianpietrofaugno@gmail.com,https://canali.com/
17,,,,,7,,,+393953644383,capecchidonna@yahoo.com,http://dona.it/
18,,,,,8,,,+398628798081,xbeccaria@paltrinieri.com,https://www.marazzi.com/
19,,,,,9,,,+394218684821,leonardoboldu@balotelli.org,https://zichichi-tosto.org/
20,,,,,10,,,+390136382446,zlombardo@tele2.it,http://gulotta.it/
21,,,,1,,,,+398035006136,pietro16@gmail.com,http://nitto.com/
22,,,,2,,,,+395366658463,lucioduse@pizzo-viviani.net,https://www.cantimori-favata.net/
23,,,,3,,,,+393555883549,gmichelangeli@gualtieri.it,https://www.luria.net/
24,,,,4,,,,+390204592035,luporita@toldo-lupo.net,http://www.conti.it/
25,,,,5,,,,+391779373940,bdellucci@leopardi-bersani.com,http://www.zamorani-tarantini.it/
26,,,,6,,,,+396289382174,kbroggini@matteotti-salata.net,https://fittipaldi.net/
27,,,,7,,,,+399540768556,iolanda71@pugliese.it,https://pacelli-galiazzo.com/
28,,,,8,,,,+394678524478,evangelistaanastasi@tim.it,https://morandi.org/
29,,,,9,,,,+399873117513,bellucciaria@tim.it,https://www.bodoni-filippelli.net/
30,,,,10,,,,+392778707861,gianpietro32@virgilio.it,https://antonelli-toselli.com/
31,1,,,,,,,+392219874445,lisa94@trebbi.com,https://treccani.it/
32,2,,,,,,,+397342914965,ferragamoalfio@outlook.com,https://www.bettoni.it/
33,3,,,,,,,+391812389071,angelicagiunti@gmail.com,http://bignami-ricci.it/
34,4,,,,,,,+395891352416,fcociarelli@visconti.com,http://www.dulbecco.com/
35,5,,,,,,,+392929982658,kpetralli@errigo.com,https://bixio.com/
36,,1,,,,,,+395299842311,oandreozzi@libero.it,http://durante-vidoni.eu/
37,,2,,,,,,+398411629285,francescoangiolello@zamengo.org,https://www.parisi-guarneri.org/
38,,3,,,,,,+397681799194,xrubbia@gregori.eu,http://www.morabito-liguori.org/
39,,,1,,,,,+391772892548,telesiolaureano@gmail.com,http://bixio.com/
40,,,2,,,,,+399980740793,ottavio33@panicucci-gianvecchio.it,https://www.antonello.com/
41,,,3,,,,,+396074120998,scottoolga@gmail.com,http://www.bixio-gargallo.org/
42,,,,,,,1,+395619907798,alessandramennea@sgarbi.com,https://galiazzo.org/
43,,,,,,,2,+397806749535,argangioffre@morricone.net,https://saraceno.com/
44,,,,,,,3,+391657895597,corcosgianmarco@gmail.com,http://zoppetti.eu/
45,,,,,,,4,+398730504543,jacopoariosto@poste.it,https://ricolfi.it/
46,,,,,,,5,+396565859907,paolo90@live.com,http://www.giacconi-gentili.eu/
47,,,,,,,6,+393382255029,acarocci@montanariello.com,http://gentileschi-anastasi.it/
48,,,,,,,7,+393833155715,lidiapiccinni@galeati-asprucci.it,https://www.mattarella-bonomo.it/
49,,,,,,,8,+391892011262,flavio92@outlook.com,https://www.rizzo.eu/
50,,,,,,,9,+396352003361,ermenegildomatteotti@tim.it,https://pepe-iannelli.eu/
51,,,,,,,10,+396355703329,ernestoviola@tim.it,https://peppe-policane.eu/