1,1,,,,,,"/images/utente1.jpg"
2,2,,,,,,"/images/utente2.jpg"
3,3,,,,,,"/images/utente3.jpg"
4,4,,,,,,"/images/utente4.jpg"
5,5,,,,,,"/images/utente5.jpg"
6,,1,,,,,"/images/evento1.jpg"
7,,2,,,,,"/images/evento2.jpg"
8,,3,,,,,"/images/evento3.jpg"
9,,4,,,,,"/images/evento4.jpg"
10,,5,,,,,"/images/evento5.jpg"
11,,6,,,,,"/images/evento6.jpg"
12,,7,,,,,"/images/evento7.jpg"
13,,8,,,,,"/images/evento1.jpg"
14,,9,,,,,"/images/evento3.jpg"
15,,10,,,,,"/images/evento2.jpg"
16,,,1,,,,"/images/annunciodilavoro1.jpg"
17,,,2,,,,"/images/annunciodilavoro2.jpg"
18,,,3,,,,"/images/annunciodilavoro3.jpg"
19,,,4,,,,"/images/annunciodilavoro5.jpg"
20,,,5,,,,"/images/annunciodilavoro6.jpg"
21,,,6,,,,"/images/annunciodilavoro7.jpg"
22,,,7,,,,"/images/annunciodilavoro2.jpg"
23,,,8,,,,"/images/annunciodilavoro1.jpg"
24,,,9,,,,"/images/annunciodilavoro4.jpg"
25,,,10,,,,"/images/annunciodilavoro2.jpg"
26,,,,1,,,"/images/supportomedico1.jpg"
27,,,,2,,,"/images/supportomedico2.jpg"
28,,,,3,,,"/images/supportomedico3.jpg"
29,,,,4,,,"/images/supportomedico4.jpg"
30,,,,5,,,"/images/supportomedico5.jpg"
31,,,,6,,,"/images/supportomedico6.jpg"
32,,,,7,,,"/images/supportomedico7.jpg"
33,,,,8,,,"/images/supportomedico8.jpg"
34,,,,9,,,"/images/supportomedico9.jpg"
35,,,,10,,,"/images/supportomedico10.jpg"
36,,,,,1,,"/images/alloggiotemporaneo1.jpg"
37,,,,,2,,"/images/alloggiotemporaneo2.jpg"
38,,,,,3,,"/images/alloggiotemporaneo3.jpg"
39,,,,,4,,"/images/alloggiotemporaneo4.jpg"
40,,,,,5,,"/images/alloggiotemporaneo5.jpg"
41,,,,,6,,"/images/alloggiotemporaneo6.jpg"
42,,,,,7,,"/images/alloggiotemporaneo7.jpg"
43,,,,,8,,"/images/alloggiotemporaneo2.jpg"
44,,,,,9,,"/images/alloggiotemporaneo4.jpg"
45,,,,,10,,"/images/alloggiotemporaneo1.jpg"
46,,,,,,1,"/images/corsodiformazione1.jpg"
47,,,,,,2,"/images/corsodiformazione2.jpg"
48,,,,,,3,"/images/corsodiformazione3.jpg"
49,,,,,,4,"/images/corsodiformazione4.jpg"
50,,,,,,5,"/images/corsodiformazione5.jpg"
51,,,,,,6,"/images/corsodiformazione6.jpg"
52,,,,,,7,"/images/corsodiformazione7.jpg"